Loss,Accuracy,Val_Loss,Val_Accuracy
4.446422100067139,0.01365647278726101,4.380085468292236,0.015384615398943424
4.429286003112793,0.010771302506327629,4.382300853729248,0.01230769231915474
4.434642791748047,0.013079438358545303,4.36257266998291,0.015384615398943424
4.433258533477783,0.012887093238532543,4.364930629730225,0.013846153393387794
4.4257636070251465,0.010963646695017815,4.367925643920898,0.013846153393387794
